number_images,average_accuracy,average_accuracy_balanced,average_precision,average_recall,average_f1
21,0.8915343915343913,0.8995833886806933,0.8920257302364635,0.9282057406169398,0.8922607585633864
